PoliceDistrict,Phone,Address,City,State
Central,415-315-2400,766 Vallejo Street,San Francisco,CA
Southern,415-575-6000,1251 3rd Street,San Francisco,CA
Bayview,415-671-2300,201 Williams Avenue,San Francisco,CA
Mission,415-558-5400,630 Valencia Street,San Francisco,CA
Northern,415-614-3400,1125 Fillmore Street,San Francisco,CA
Park,415-242-3000,1899 Waller Street,San Francisco,CA
Richmond,415-666-8000,461 6th Avenue,San Francisco,CA
Ingleside,415-404-4000,1 Sgt. John V. Young Lane,San Francisco,CA
Taraval,415-759-3100,2345 24th Avenue,San Francisco,CA
Tenderloin,415-345-7300,301 Eddy Street,San Francisco,CA